date,description,amount
2023-06-01,PUBG UC Purchase,-256.41
2023-06-01,College Canteen,-145.46
2023-06-01,Exam Fee Payment,-781.58
2023-06-02,PlayStation Store,-2265.55
2023-06-02,Exam Fee Payment,-1260.53
2023-06-02,Refund Credit,1715.34
2023-06-02,Rapido Bike Taxi,-130.24
2023-06-02,Stationery Purchase,-192.31
2023-06-03,Udemy Course,-797.84
2023-06-04,Dominos Pizza,-573.21
2023-06-04,Steam Games,-2873.8
2023-06-04,More Supermarket,-1741.23
2023-06-04,Internship Stipend,21924.19
2023-06-05,PUBG UC Purchase,-102.4
2023-06-05,Reliance Fresh,-1544.24
2023-06-05,Zomato Late Night,-195.47
2023-06-06,Refund Credit,1966.75
2023-06-06,Meesho Order,-1460.45
2023-06-06,Cashback Credit,51.5
2023-06-07,Reliance Fresh,-390.68
2023-06-07,Scholarship Credit,8616.0
2023-06-07,Dominos Pizza,-271.8
2023-06-08,Dominos Pizza,-543.49
2023-06-08,Reliance Fresh,-1292.92
2023-06-09,Stationery Purchase,-216.3
2023-06-09,Udemy Course,-968.02
2023-06-10,Zomato Food Delivery,-612.83
2023-06-10,Swiggy Order,-883.89
2023-06-11,Coursera Subscription,-399.0
2023-06-12,More Supermarket,-980.32
2023-06-13,Swiggy Order,-647.27
2023-06-13,Dominos Pizza,-319.23
2023-06-14,Netflix Subscription,-211.94
2023-06-14,Scholarship Credit,16920.15
2023-06-15,College Canteen,-74.7
2023-06-15,PlayStation Store,-3176.49
2023-06-16,Internship Stipend,22055.44
2023-06-17,Myntra Fashion,-3156.57
2023-06-17,Dominos Pizza,-519.35
2023-06-18,Dominos Pizza,-282.56
2023-06-19,Local Auto Rickshaw,-64.65
2023-06-19,Zomato Late Night,-171.32
2023-06-19,Zomato Food Delivery,-189.78
2023-06-20,Uber Ride,-375.43
2023-06-20,Udemy Course,-561.65
2023-06-21,Exam Fee Payment,-2118.36
2023-06-21,Coursera Subscription,-399.0
2023-06-21,Pocket Money Transfer,7120.52
2023-06-22,Exam Fee Payment,-2469.57
2023-06-22,Bus Pass Recharge,-198.37
2023-06-22,Steam Games,-483.38
2023-06-23,Myntra Fashion,-3357.05
2023-06-23,Part Time Job Payment,7617.48
2023-06-24,Refund Credit,487.45
2023-06-24,Uber Ride,-324.57
2023-06-24,Rapido Bike Taxi,-182.07
2023-06-24,DMart Purchase,-589.07
2023-06-25,BigBasket Groceries,-2807.92
2023-06-25,Dominos Pizza,-357.15
2023-06-25,Part Time Job Payment,4336.02
2023-06-26,Stationery Purchase,-403.55
2023-06-27,Meesho Order,-1302.86
2023-06-27,Swiggy Campus Delivery,-229.73
2023-06-28,Hostel Fees,-6931.48
2023-06-28,Zomato Food Delivery,-365.72
2023-06-28,Part Time Job Payment,7992.56
2023-06-29,Internship Stipend,17938.03
2023-06-30,Stationery Purchase,-353.16
2023-06-30,Uber Ride,-471.37
2023-06-30,More Supermarket,-1637.44
2023-07-01,Exam Fee Payment,-1849.07
2023-07-02,Part Time Job Payment,6858.72
2023-07-02,Rapido Bike Taxi,-197.07
2023-07-02,PlayStation Store,-1932.61
2023-07-02,Netflix Subscription,-537.39
2023-07-03,Ajio Clothing,-2996.26
2023-07-03,Uber Ride,-341.42
2023-07-03,Movie Night,-533.03
2023-07-04,Bus Pass Recharge,-422.3
2023-07-05,Flipkart Order,-3400.15
2023-07-05,Refund Credit,1605.81
2023-07-06,PUBG UC Purchase,-777.48
2023-07-06,Zomato Food Delivery,-236.55
2023-07-10,Myntra Fashion,-1220.09
2023-07-11,Reliance Fresh,-535.26
2023-07-11,Zomato Late Night,-300.63
2023-07-11,Zomato Late Night,-215.25
2023-07-11,College Canteen,-132.51
2023-07-12,Flipkart Order,-3881.7
2023-07-14,Reliance Fresh,-1743.6
2023-07-14,DMart Purchase,-3036.7
2023-07-14,Zomato Food Delivery,-500.59
2023-07-14,Steam Games,-2842.7
2023-07-14,Ajio Clothing,-797.89
2023-07-15,Stationery Purchase,-203.85
2023-07-15,Netflix Subscription,-457.66
2023-07-16,Stationery Purchase,-374.88
2023-07-16,Amazon Purchase,-3436.46
2023-07-17,PUBG UC Purchase,-636.79
2023-07-18,PUBG UC Purchase,-439.51
2023-07-19,Hostel Fees,-6018.8
2023-07-19,Pocket Money Transfer,6173.5
2023-07-19,Uber Ride,-351.43
2023-07-20,Flipkart Order,-4994.52
2023-07-20,Part Time Job Payment,3740.8
2023-07-21,Udemy Course,-560.21
2023-07-21,Pocket Money Transfer,6851.63
2023-07-21,Ajio Clothing,-2413.34
2023-07-22,BigBasket Groceries,-3875.93
2023-07-22,BigBasket Groceries,-2487.47
2023-07-23,Zomato Late Night,-298.41
2023-07-23,Scholarship Credit,14589.56
2023-07-24,Exam Fee Payment,-2718.6
2023-07-26,Flipkart Order,-524.57
2023-07-26,Uber Ride,-405.86
2023-07-26,Coursera Subscription,-399.0
2023-07-27,Myntra Fashion,-2254.66
2023-07-27,BigBasket Groceries,-651.99
2023-07-27,Cashback Credit,91.4
2023-07-28,College Canteen,-62.32
2023-07-29,Cashback Credit,97.21
2023-07-29,Movie Night,-256.34
2023-07-30,Zomato Food Delivery,-573.86
2023-07-30,Bus Pass Recharge,-116.24
2023-07-30,Cashback Credit,446.07
2023-07-30,BigBasket Groceries,-3678.06
2023-07-30,Pocket Money Transfer,12252.52
2023-07-31,Swiggy Campus Delivery,-218.49
2023-07-31,Hostel Fees,-13726.52
2023-07-31,Cashback Credit,357.28
2023-08-01,Swiggy Order,-116.43
2023-08-01,Flipkart Order,-528.69
2023-08-01,Zomato Late Night,-247.6
2023-08-01,Scholarship Credit,6222.14
2023-08-02,Hostel Fees,-6653.29
2023-08-03,Ajio Clothing,-642.37
2023-08-03,Cashback Credit,496.43
2023-08-03,Refund Credit,329.07
2023-08-04,Flipkart Order,-826.83
2023-08-04,Myntra Fashion,-3066.65
2023-08-04,Exam Fee Payment,-2985.8
2023-08-04,PUBG UC Purchase,-354.06
2023-08-04,Cashback Credit,202.66
2023-08-05,Zomato Late Night,-266.37
2023-08-05,Amazon Purchase,-3854.29
2023-08-05,Local Auto Rickshaw,-52.83
2023-08-05,Uber Ride,-380.41
2023-08-07,Meesho Order,-1827.43
2023-08-07,Flipkart Order,-3175.06
2023-08-08,Stationery Purchase,-332.6
2023-08-08,Uber Ride,-479.15
2023-08-09,Rapido Bike Taxi,-133.95
2023-08-09,Zomato Late Night,-281.94
2023-08-09,Meesho Order,-892.07
2023-08-09,Amazon Purchase,-7853.95
2023-08-10,Refund Credit,848.54
2023-08-11,Coursera Subscription,-399.0
2023-08-12,Zomato Food Delivery,-824.79
2023-08-12,More Supermarket,-1235.71
2023-08-12,Part Time Job Payment,6757.58
2023-08-13,Movie Night,-355.86
2023-08-13,BigBasket Groceries,-1394.86
2023-08-13,Part Time Job Payment,9434.8
2023-08-13,Swiggy Campus Delivery,-142.73
2023-08-13,Rapido Bike Taxi,-100.3
2023-08-14,Internship Stipend,14964.88
2023-08-14,PUBG UC Purchase,-313.23
2023-08-15,Local Auto Rickshaw,-184.6
2023-08-15,College Canteen,-45.18
2023-08-16,Amazon Purchase,-2234.59
2023-08-16,Scholarship Credit,7816.92
2023-08-16,Scholarship Credit,9205.87
2023-08-16,BigBasket Groceries,-766.53
2023-08-17,College Canteen,-111.14
2023-08-17,Pocket Money Transfer,6532.07
2023-08-17,Ajio Clothing,-707.74
2023-08-17,College Canteen,-72.9
2023-08-18,Rapido Bike Taxi,-78.84
2023-08-20,Meesho Order,-1792.65
2023-08-20,Internship Stipend,8016.92
2023-08-21,Coursera Subscription,-399.0
2023-08-21,Zomato Late Night,-174.62
2023-08-21,Flipkart Order,-4156.4
2023-08-21,Myntra Fashion,-1453.23
2023-08-22,PlayStation Store,-643.19
2023-08-23,Refund Credit,1163.49
2023-08-23,Cashback Credit,480.01
2023-08-23,Local Auto Rickshaw,-104.41
2023-08-23,Reliance Fresh,-1217.52
2023-08-23,Ajio Clothing,-2648.97
2023-08-24,College Canteen,-97.09
2023-08-24,BigBasket Groceries,-1818.29
2023-08-24,Internship Stipend,7386.15
2023-08-25,Local Auto Rickshaw,-132.79
2023-08-26,Myntra Fashion,-2203.09
2023-08-26,DMart Purchase,-2002.28
2023-08-26,Ola Cab,-295.83
2023-08-27,Local Auto Rickshaw,-50.36
2023-08-27,Swiggy Campus Delivery,-345.69
2023-08-28,More Supermarket,-115.12
2023-08-29,Coursera Subscription,-399.0
2023-08-30,PUBG UC Purchase,-261.9
2023-08-30,Movie Night,-390.08
2023-08-30,Movie Night,-275.37
2023-08-30,College Canteen,-123.13
2023-09-01,Rapido Bike Taxi,-61.22
2023-09-01,Amazon Purchase,-7674.83
2023-09-01,Swiggy Campus Delivery,-163.06
2023-09-01,Ola Cab,-363.53
2023-09-02,Bus Pass Recharge,-421.3
2023-09-02,Ola Cab,-185.7
2023-09-02,College Canteen,-97.41
2023-09-02,Scholarship Credit,6658.12
2023-09-03,Steam Games,-2745.19
2023-09-03,BigBasket Groceries,-2248.57
2023-09-03,College Canteen,-124.65
2023-09-03,Netflix Subscription,-317.56
2023-09-03,Meesho Order,-1640.74
2023-09-04,Swiggy Campus Delivery,-240.78
2023-09-04,Reliance Fresh,-1830.9
2023-09-04,PlayStation Store,-737.98
2023-09-04,Stationery Purchase,-279.32
2023-09-05,Reliance Fresh,-984.27
2023-09-05,Dominos Pizza,-280.35
2023-09-05,Reliance Fresh,-583.64
2023-09-05,Part Time Job Payment,3766.53
2023-09-05,Part Time Job Payment,7722.13
2023-09-07,Rapido Bike Taxi,-167.7
2023-09-08,Local Auto Rickshaw,-71.64
2023-09-08,DMart Purchase,-2960.03
2023-09-09,Ola Cab,-481.98
2023-09-10,Zomato Food Delivery,-280.4
2023-09-10,PUBG UC Purchase,-756.0
2023-09-10,DMart Purchase,-2465.92
2023-09-11,BigBasket Groceries,-2999.45
2023-09-11,Ajio Clothing,-2378.41
2023-09-12,Netflix Subscription,-429.59
2023-09-12,Cashback Credit,228.57
2023-09-12,Flipkart Order,-3667.99
2023-09-12,Myntra Fashion,-2852.24
2023-09-12,Steam Games,-1138.33
2023-09-12,Flipkart Order,-2476.58
2023-09-13,Uber Ride,-233.03
2023-09-13,Swiggy Campus Delivery,-224.47
2023-09-13,Hostel Fees,-5267.31
2023-09-14,College Canteen,-90.41
2023-09-14,Local Auto Rickshaw,-173.01
2023-09-14,Internship Stipend,23776.11
2023-09-15,Exam Fee Payment,-1481.04
2023-09-16,Pocket Money Transfer,13141.22
2023-09-16,Zomato Late Night,-178.68
2023-09-17,Refund Credit,525.02
2023-09-18,DMart Purchase,-1425.56
2023-09-20,Pocket Money Transfer,9825.96
2023-09-20,Exam Fee Payment,-1601.87
2023-09-21,Ajio Clothing,-922.13
2023-09-21,Swiggy Order,-632.01
2023-09-21,Netflix Subscription,-319.47
2023-09-22,DMart Purchase,-1725.72
2023-09-22,Swiggy Campus Delivery,-100.37
2023-09-22,Local Auto Rickshaw,-82.77
2023-09-23,College Canteen,-69.04
2023-09-23,Ajio Clothing,-1586.87
2023-09-23,College Canteen,-116.53
2023-09-23,Ola Cab,-313.85
2023-09-24,Local Auto Rickshaw,-161.66
2023-09-24,Internship Stipend,16999.43
2023-09-24,PUBG UC Purchase,-365.67
2023-09-24,Exam Fee Payment,-2646.47
2023-09-25,Hostel Fees,-9038.86
2023-09-25,Bus Pass Recharge,-375.21
2023-09-25,Rapido Bike Taxi,-101.48
2023-09-25,Bus Pass Recharge,-159.1
2023-09-26,Movie Night,-299.04
2023-09-26,Part Time Job Payment,5816.26
2023-09-27,Amazon Purchase,-5543.85
2023-09-27,More Supermarket,-1755.12
2023-09-28,Amazon Purchase,-4055.34
2023-09-29,Dominos Pizza,-227.3
2023-09-29,Bus Pass Recharge,-117.46
2023-09-29,College Canteen,-139.31
2023-09-29,Exam Fee Payment,-1409.87
2023-09-30,Cashback Credit,220.7
2023-10-01,Coursera Subscription,-399.0
2023-10-01,Hostel Fees,-13579.47
2023-10-02,Amazon Purchase,-4873.99
2023-10-02,Myntra Fashion,-3163.15
2023-10-02,Amazon Purchase,-7408.68
2023-10-03,Myntra Fashion,-3359.15
2023-10-04,Ajio Clothing,-3087.59
2023-10-05,Refund Credit,547.68
2023-10-05,Local Auto Rickshaw,-51.03
2023-10-06,Udemy Course,-835.58
2023-10-06,Scholarship Credit,15281.21
2023-10-06,Steam Games,-1985.41
2023-10-06,BigBasket Groceries,-1964.37
2023-10-06,Zomato Food Delivery,-788.71
2023-10-07,Bus Pass Recharge,-164.3
2023-10-08,More Supermarket,-1223.85
2023-10-11,More Supermarket,-1726.44
2023-10-11,Pocket Money Transfer,6038.29
2023-10-11,Internship Stipend,20688.38
2023-10-11,Rapido Bike Taxi,-178.63
2023-10-11,College Canteen,-40.61
2023-10-12,DMart Purchase,-1787.94
2023-10-12,Ola Cab,-379.49
2023-10-12,Internship Stipend,10777.09
2023-10-12,Coursera Subscription,-399.0
2023-10-13,BigBasket Groceries,-1831.73
2023-10-13,Local Auto Rickshaw,-113.75
2023-10-13,Bus Pass Recharge,-496.39
2023-10-14,Part Time Job Payment,6316.92
2023-10-14,PUBG UC Purchase,-730.19
2023-10-15,BigBasket Groceries,-1365.98
2023-10-17,Exam Fee Payment,-2584.23
2023-10-18,Local Auto Rickshaw,-138.68
2023-10-18,Reliance Fresh,-1927.81
2023-10-19,Part Time Job Payment,8923.91
2023-10-19,Uber Ride,-306.93
2023-10-19,Pocket Money Transfer,11448.11
2023-10-21,Pocket Money Transfer,11113.77
2023-10-21,DMart Purchase,-3275.08
2023-10-22,PUBG UC Purchase,-314.87
2023-10-22,PlayStation Store,-3134.98
2023-10-23,Part Time Job Payment,8186.8
2023-10-24,Scholarship Credit,8518.14
2023-10-24,Hostel Fees,-8833.13
2023-10-25,Local Auto Rickshaw,-177.68
2023-10-26,College Canteen,-133.26
2023-10-28,Movie Night,-454.1
2023-10-28,Netflix Subscription,-417.77
2023-10-30,Rapido Bike Taxi,-120.2
2023-10-30,Dominos Pizza,-324.21
2023-10-31,Myntra Fashion,-2117.93
2023-10-31,Udemy Course,-620.68
2023-10-31,Swiggy Campus Delivery,-176.98
2023-11-01,Movie Night,-381.37
2023-11-02,Bus Pass Recharge,-111.72
2023-11-03,Steam Games,-1832.56
2023-11-03,Meesho Order,-682.36
2023-11-03,Part Time Job Payment,7013.61
2023-11-04,Ola Cab,-257.06
2023-11-04,PlayStation Store,-345.56
2023-11-05,Scholarship Credit,6926.02
2023-11-06,BigBasket Groceries,-698.99
2023-11-06,Part Time Job Payment,6022.78
2023-11-06,Flipkart Order,-3328.74
2023-11-06,Part Time Job Payment,4511.32
2023-11-06,Swiggy Order,-868.57
2023-11-07,Coursera Subscription,-399.0
2023-11-07,DMart Purchase,-1662.79
2023-11-07,Dominos Pizza,-624.27
2023-11-09,Amazon Purchase,-1192.32
2023-11-09,Swiggy Campus Delivery,-232.67
2023-11-10,Scholarship Credit,18885.28
2023-11-11,Coursera Subscription,-399.0
2023-11-11,Flipkart Order,-3859.74
2023-11-11,DMart Purchase,-1861.67
2023-11-13,Ola Cab,-462.24
2023-11-13,Amazon Purchase,-4220.42
2023-11-13,Ajio Clothing,-1395.44
2023-11-14,Cashback Credit,76.9
2023-11-15,Zomato Food Delivery,-765.4
2023-11-16,Zomato Food Delivery,-800.98
2023-11-16,Udemy Course,-835.0
2023-11-16,Exam Fee Payment,-2347.43
2023-11-17,Swiggy Order,-807.04
2023-11-17,Zomato Food Delivery,-167.1
2023-11-17,Zomato Late Night,-352.74
2023-11-18,Rapido Bike Taxi,-142.32
2023-11-20,Local Auto Rickshaw,-173.64
2023-11-20,BigBasket Groceries,-3669.55
2023-11-21,Movie Night,-353.56
2023-11-21,Ajio Clothing,-2173.1
2023-11-21,Coursera Subscription,-399.0
2023-11-21,Part Time Job Payment,5437.63
2023-11-22,Internship Stipend,16458.64
2023-11-22,Refund Credit,1381.07
2023-11-22,Udemy Course,-809.88
2023-11-22,Myntra Fashion,-2639.16
2023-11-22,Coursera Subscription,-399.0
2023-11-22,PUBG UC Purchase,-325.4
2023-11-22,Refund Credit,1579.29
2023-11-23,Refund Credit,580.37
2023-11-23,Netflix Subscription,-334.14
2023-11-23,Dominos Pizza,-608.07
2023-11-24,DMart Purchase,-480.03
2023-11-24,Part Time Job Payment,8746.6
2023-11-25,Part Time Job Payment,7276.56
2023-11-25,College Canteen,-91.04
2023-11-25,Ola Cab,-179.67
2023-11-26,Part Time Job Payment,4115.56
2023-11-26,Refund Credit,1043.34
2023-11-27,PlayStation Store,-3727.63
2023-11-28,Hostel Fees,-13215.62
2023-11-29,Movie Night,-410.12
2023-11-29,DMart Purchase,-1958.3
2023-11-30,More Supermarket,-859.05
2023-12-01,Cashback Credit,284.41
2023-12-01,Exam Fee Payment,-2500.32
2023-12-01,Meesho Order,-151.11
2023-12-02,BigBasket Groceries,-2861.08
2023-12-02,Dominos Pizza,-657.92
2023-12-02,Hostel Fees,-7581.03
2023-12-03,Local Auto Rickshaw,-197.81
2023-12-03,Cashback Credit,192.27
2023-12-04,Exam Fee Payment,-2549.58
2023-12-04,Dominos Pizza,-666.22
2023-12-04,Flipkart Order,-2305.58
2023-12-04,Local Auto Rickshaw,-173.01
2023-12-05,Movie Night,-246.52
2023-12-05,Pocket Money Transfer,8453.59
2023-12-05,Myntra Fashion,-1962.04
2023-12-07,Refund Credit,894.2
2023-12-07,Internship Stipend,13655.99
2023-12-07,BigBasket Groceries,-2321.39
2023-12-08,PlayStation Store,-3489.22
2023-12-08,Hostel Fees,-10409.63
2023-12-08,Myntra Fashion,-971.76
2023-12-08,College Canteen,-107.69
2023-12-08,BigBasket Groceries,-2059.54
2023-12-09,Udemy Course,-837.34
2023-12-10,Myntra Fashion,-2795.9
2023-12-10,Zomato Food Delivery,-272.84
2023-12-10,College Canteen,-145.23
2023-12-11,Dominos Pizza,-396.99
2023-12-12,Zomato Food Delivery,-164.19
2023-12-12,DMart Purchase,-877.96
2023-12-13,Amazon Purchase,-5393.3
2023-12-14,Udemy Course,-498.34
2023-12-14,Zomato Food Delivery,-326.24
2023-12-15,Ajio Clothing,-3144.94
2023-12-15,Zomato Late Night,-279.28
2023-12-16,Stationery Purchase,-332.76
2023-12-16,Internship Stipend,15287.36
2023-12-18,Uber Ride,-265.7
2023-12-18,Refund Credit,501.64
2023-12-19,Swiggy Order,-836.63
2023-12-19,Meesho Order,-1472.78
2023-12-19,Cashback Credit,385.0
2023-12-19,Local Auto Rickshaw,-194.33
2023-12-20,Bus Pass Recharge,-216.24
2023-12-20,Zomato Food Delivery,-407.86
2023-12-20,College Canteen,-105.02
2023-12-21,Internship Stipend,21309.09
2023-12-21,Udemy Course,-844.58
2023-12-21,Hostel Fees,-13950.96
2023-12-21,PUBG UC Purchase,-302.22
2023-12-22,Coursera Subscription,-399.0
2023-12-23,Myntra Fashion,-2661.82
2023-12-23,Zomato Food Delivery,-404.69
2023-12-23,Movie Night,-512.48
2023-12-23,Ajio Clothing,-1491.97
2023-12-23,Meesho Order,-942.96
2023-12-25,Dominos Pizza,-578.8
2023-12-26,Hostel Fees,-13776.65
2023-12-27,Internship Stipend,8608.35
2023-12-28,Coursera Subscription,-399.0
2023-12-29,Pocket Money Transfer,7509.71
2023-12-29,PUBG UC Purchase,-157.06
2023-12-31,Rapido Bike Taxi,-55.79
2023-12-31,Flipkart Order,-811.33
2024-01-01,Reliance Fresh,-1034.3
2024-01-01,Local Auto Rickshaw,-198.78
2024-01-02,More Supermarket,-1447.86
2024-01-03,Netflix Subscription,-604.23
2024-01-03,Reliance Fresh,-1186.43
2024-01-03,DMart Purchase,-1002.25
2024-01-04,Netflix Subscription,-586.84
2024-01-05,College Canteen,-147.87
2024-01-06,Exam Fee Payment,-2575.57
2024-01-06,College Canteen,-85.28
2024-01-06,Bus Pass Recharge,-315.98
2024-01-06,Scholarship Credit,17287.16
2024-01-06,Swiggy Order,-149.88
2024-01-07,Amazon Purchase,-7751.69
2024-01-07,Reliance Fresh,-1444.53
2024-01-08,Udemy Course,-974.18
2024-01-10,Amazon Purchase,-2603.8
2024-01-10,Movie Night,-339.97
2024-01-10,Netflix Subscription,-156.9
2024-01-10,Local Auto Rickshaw,-57.44
2024-01-11,Cashback Credit,351.31
2024-01-11,Bus Pass Recharge,-342.8
2024-01-11,DMart Purchase,-1939.82
2024-01-11,Bus Pass Recharge,-260.22
2024-01-12,Refund Credit,215.39
2024-01-13,Refund Credit,1235.47
2024-01-15,Scholarship Credit,12218.14
2024-01-16,Part Time Job Payment,7339.29
2024-01-18,Zomato Food Delivery,-263.34
2024-01-19,DMart Purchase,-837.94
2024-01-19,Swiggy Campus Delivery,-169.92
2024-01-19,Scholarship Credit,16198.03
2024-01-19,Cashback Credit,382.67
2024-01-19,Uber Ride,-297.29
2024-01-19,Reliance Fresh,-1057.22
2024-01-20,Netflix Subscription,-333.63
2024-01-21,Stationery Purchase,-135.6
2024-01-21,College Canteen,-48.85
2024-01-22,Rapido Bike Taxi,-66.93
2024-01-22,Internship Stipend,5913.24
2024-01-23,Meesho Order,-381.05
2024-01-23,Meesho Order,-1871.99
2024-01-24,Rapido Bike Taxi,-126.28
2024-01-25,Pocket Money Transfer,5547.06
2024-01-26,Meesho Order,-1550.5
2024-01-28,Part Time Job Payment,6385.39
2024-01-28,Meesho Order,-714.39
2024-01-28,Scholarship Credit,17169.45
2024-01-29,Bus Pass Recharge,-128.13
2024-01-29,Part Time Job Payment,9162.2
2024-01-29,Myntra Fashion,-3059.83
2024-01-29,Swiggy Order,-211.46
2024-01-30,Meesho Order,-641.07
2024-01-30,Pocket Money Transfer,8098.7
2024-01-30,Uber Ride,-482.9
2024-01-31,Rapido Bike Taxi,-89.97
2024-01-31,Swiggy Campus Delivery,-343.32
2024-01-31,Amazon Purchase,-1278.75
2024-02-01,BigBasket Groceries,-1869.72
2024-02-02,Netflix Subscription,-291.6
2024-02-02,Bus Pass Recharge,-185.44
2024-02-03,Refund Credit,743.87
2024-02-03,BigBasket Groceries,-3229.53
2024-02-04,Zomato Food Delivery,-246.39
2024-02-04,Cashback Credit,261.61
2024-02-04,DMart Purchase,-2977.75
2024-02-04,Pocket Money Transfer,13981.94
2024-02-04,Ajio Clothing,-3201.69
2024-02-05,Myntra Fashion,-1439.7
2024-02-05,Exam Fee Payment,-889.59
2024-02-06,Uber Ride,-498.58
2024-02-07,Refund Credit,1104.68
2024-02-08,Pocket Money Transfer,5472.54
2024-02-08,Amazon Purchase,-6164.24
2024-02-08,Steam Games,-205.64
2024-02-09,Refund Credit,697.05
2024-02-10,Scholarship Credit,5511.48
2024-02-10,DMart Purchase,-2429.16
2024-02-11,Stationery Purchase,-446.93
2024-02-12,Stationery Purchase,-267.82
2024-02-12,DMart Purchase,-1497.65
2024-02-13,Zomato Late Night,-244.88
2024-02-14,Refund Credit,1598.16
2024-02-14,Netflix Subscription,-232.83
2024-02-15,Amazon Purchase,-2896.66
2024-02-15,Uber Ride,-408.36
2024-02-16,Zomato Late Night,-157.74
2024-02-16,Zomato Food Delivery,-716.72
2024-02-16,Refund Credit,1013.46
2024-02-16,Amazon Purchase,-6689.3
2024-02-16,PlayStation Store,-2865.13
2024-02-17,Ola Cab,-414.61
2024-02-17,Steam Games,-2455.64
2024-02-17,Local Auto Rickshaw,-118.99
2024-02-18,Exam Fee Payment,-1147.3
2024-02-18,Meesho Order,-928.59
2024-02-19,Stationery Purchase,-464.51
2024-02-19,Stationery Purchase,-325.96
2024-02-19,College Canteen,-31.59
2024-02-19,Bus Pass Recharge,-452.04
2024-02-19,PUBG UC Purchase,-298.5
2024-02-20,Bus Pass Recharge,-286.83
2024-02-21,Swiggy Order,-797.77
2024-02-22,Exam Fee Payment,-843.77
2024-02-22,Local Auto Rickshaw,-106.9
2024-02-22,College Canteen,-81.28
2024-02-23,Swiggy Campus Delivery,-309.55
2024-02-23,College Canteen,-49.24
2024-02-24,PUBG UC Purchase,-410.74
2024-02-25,Refund Credit,1331.7
2024-02-25,Hostel Fees,-5483.76
2024-02-26,Amazon Purchase,-4616.01
2024-02-27,Zomato Late Night,-125.43
2024-02-27,Scholarship Credit,19259.09
2024-02-27,PUBG UC Purchase,-631.93
2024-02-27,Zomato Food Delivery,-587.3
2024-02-28,Swiggy Campus Delivery,-62.94
2024-02-28,Myntra Fashion,-2072.91
2024-02-28,Zomato Food Delivery,-794.73
2024-02-29,Cashback Credit,300.02
2024-02-29,BigBasket Groceries,-2482.61
2024-03-02,Exam Fee Payment,-1691.94
2024-03-02,BigBasket Groceries,-2564.43
2024-03-03,Internship Stipend,21586.94
2024-03-03,Flipkart Order,-4935.83
2024-03-03,Flipkart Order,-4596.11
2024-03-03,Dominos Pizza,-564.67
2024-03-03,Dominos Pizza,-361.13
2024-03-04,Pocket Money Transfer,13467.31
2024-03-05,BigBasket Groceries,-1049.28
2024-03-05,Swiggy Campus Delivery,-197.34
2024-03-05,Bus Pass Recharge,-199.24
2024-03-06,Meesho Order,-908.44
2024-03-06,DMart Purchase,-1937.88
2024-03-06,Swiggy Campus Delivery,-279.44
2024-03-07,Pocket Money Transfer,10318.51
2024-03-07,Cashback Credit,133.73
2024-03-07,Netflix Subscription,-576.12
2024-03-07,Zomato Late Night,-231.4
2024-03-08,Netflix Subscription,-575.1
2024-03-08,PlayStation Store,-2524.98
2024-03-08,Netflix Subscription,-305.79
2024-03-09,Internship Stipend,9476.5
2024-03-09,Pocket Money Transfer,12153.28
2024-03-11,Hostel Fees,-6516.31
2024-03-11,Refund Credit,697.87
2024-03-11,DMart Purchase,-2655.35
2024-03-11,College Canteen,-37.87
2024-03-11,Reliance Fresh,-348.35
2024-03-11,Internship Stipend,12541.36
2024-03-12,Zomato Food Delivery,-122.93
2024-03-12,Zomato Food Delivery,-637.05
2024-03-12,Coursera Subscription,-399.0
2024-03-13,Refund Credit,907.36
2024-03-13,Reliance Fresh,-1664.13
2024-03-14,Flipkart Order,-5356.16
2024-03-14,PUBG UC Purchase,-573.04
2024-03-16,Reliance Fresh,-1446.63
2024-03-16,Coursera Subscription,-399.0
2024-03-16,Bus Pass Recharge,-258.18
2024-03-17,Cashback Credit,270.32
2024-03-17,Netflix Subscription,-375.99
2024-03-17,Zomato Food Delivery,-391.67
2024-03-19,Exam Fee Payment,-919.79
2024-03-19,PlayStation Store,-2630.29
2024-03-19,Scholarship Credit,13616.88
2024-03-19,BigBasket Groceries,-2771.42
2024-03-20,Cashback Credit,246.73
2024-03-20,Coursera Subscription,-399.0
2024-03-20,Ajio Clothing,-584.68
2024-03-21,Swiggy Order,-897.92
2024-03-21,Dominos Pizza,-405.87
2024-03-21,BigBasket Groceries,-3136.48
2024-03-21,Zomato Food Delivery,-488.69
2024-03-21,BigBasket Groceries,-1234.03
2024-03-22,Pocket Money Transfer,9487.9
2024-03-23,BigBasket Groceries,-3521.35
2024-03-23,PUBG UC Purchase,-212.9
2024-03-23,Internship Stipend,21802.2
2024-03-24,Udemy Course,-822.46
2024-03-24,Netflix Subscription,-605.92
2024-03-24,Pocket Money Transfer,10374.13
2024-03-25,Coursera Subscription,-399.0
2024-03-25,Dominos Pizza,-684.05
2024-03-25,Swiggy Order,-717.03
2024-03-25,Rapido Bike Taxi,-31.36
2024-03-25,Uber Ride,-502.52
2024-03-27,Ola Cab,-137.48
2024-03-27,Part Time Job Payment,7157.35
2024-03-28,Hostel Fees,-6909.77
2024-03-28,Steam Games,-1327.57
2024-03-28,Swiggy Order,-428.64
2024-03-29,Swiggy Order,-841.77
2024-03-30,Dominos Pizza,-557.82
2024-03-30,Stationery Purchase,-362.17
2024-03-30,Ola Cab,-395.94
2024-03-31,Myntra Fashion,-581.06
2024-04-01,Local Auto Rickshaw,-198.36
2024-04-01,Reliance Fresh,-1384.91
2024-04-01,Myntra Fashion,-1949.91
2024-04-01,Hostel Fees,-6741.86
2024-04-02,BigBasket Groceries,-3806.17
2024-04-02,Internship Stipend,14662.65
2024-04-02,Local Auto Rickshaw,-181.9
2024-04-03,PUBG UC Purchase,-622.65
2024-04-03,Flipkart Order,-5757.63
2024-04-03,Rapido Bike Taxi,-181.5
2024-04-04,BigBasket Groceries,-3643.75
2024-04-04,Zomato Food Delivery,-328.69
2024-04-05,Part Time Job Payment,5570.46
2024-04-05,Myntra Fashion,-687.9
2024-04-05,Steam Games,-2270.74
2024-04-06,Dominos Pizza,-648.97
2024-04-06,Part Time Job Payment,4646.09
2024-04-07,Steam Games,-1674.02
2024-04-07,PlayStation Store,-3341.59
2024-04-08,Swiggy Order,-656.76
2024-04-08,Rapido Bike Taxi,-177.46
2024-04-08,Pocket Money Transfer,9395.76
2024-04-09,Reliance Fresh,-1237.55
2024-04-09,Bus Pass Recharge,-296.38
2024-04-09,Ola Cab,-294.24
2024-04-10,Part Time Job Payment,4776.0
2024-04-12,Netflix Subscription,-195.05
2024-04-12,Internship Stipend,7645.63
2024-04-12,Refund Credit,1179.84
2024-04-13,Amazon Purchase,-3515.12
2024-04-13,Movie Night,-285.12
2024-04-14,Internship Stipend,16142.28
2024-04-15,BigBasket Groceries,-2821.7
2024-04-16,PlayStation Store,-1667.21
2024-04-18,Flipkart Order,-626.59
2024-04-18,PUBG UC Purchase,-446.58
2024-04-19,Coursera Subscription,-399.0
2024-04-19,Hostel Fees,-8397.66
2024-04-19,Meesho Order,-1545.69
2024-04-19,Zomato Late Night,-384.27
2024-04-19,PUBG UC Purchase,-720.9
2024-04-19,Amazon Purchase,-3449.48
2024-04-20,Refund Credit,708.52
2024-04-20,Cashback Credit,286.68
2024-04-20,College Canteen,-129.43
2024-04-21,Scholarship Credit,17664.59
2024-04-22,Cashback Credit,205.64
2024-04-22,Part Time Job Payment,9738.54
2024-04-23,Cashback Credit,486.17
2024-04-23,Meesho Order,-574.18
2024-04-24,Flipkart Order,-1577.15
2024-04-24,Udemy Course,-720.91
2024-04-25,Steam Games,-2781.83
2024-04-25,Exam Fee Payment,-2829.68
2024-04-26,Hostel Fees,-12333.35
2024-04-26,Rapido Bike Taxi,-123.98
2024-04-26,Rapido Bike Taxi,-82.87
2024-04-26,Scholarship Credit,8268.26
2024-04-27,Local Auto Rickshaw,-174.67
2024-04-28,BigBasket Groceries,-3551.84
2024-04-29,Zomato Food Delivery,-680.79
2024-04-29,Udemy Course,-576.19
2024-04-30,Part Time Job Payment,5936.93
2024-05-01,Zomato Late Night,-171.73
2024-05-01,Amazon Purchase,-7459.16
2024-05-01,Scholarship Credit,6958.88
2024-05-01,College Canteen,-63.96
2024-05-03,Zomato Late Night,-140.13
2024-05-05,Amazon Purchase,-3604.09
2024-05-06,Dominos Pizza,-332.44
2024-05-06,Part Time Job Payment,8787.29
2024-05-08,Coursera Subscription,-399.0
2024-05-08,Bus Pass Recharge,-386.55
2024-05-09,BigBasket Groceries,-3904.15
2024-05-09,DMart Purchase,-447.84
2024-05-09,Steam Games,-1664.89
2024-05-10,Hostel Fees,-14595.85
2024-05-10,Swiggy Campus Delivery,-176.55
2024-05-11,DMart Purchase,-803.84
2024-05-12,BigBasket Groceries,-683.01
2024-05-12,Netflix Subscription,-247.72
2024-05-12,Reliance Fresh,-198.51
2024-05-13,Ola Cab,-426.01
2024-05-13,Uber Ride,-137.55
2024-05-14,Hostel Fees,-13337.11
2024-05-14,Amazon Purchase,-6889.53
2024-05-16,PlayStation Store,-2897.77
2024-05-16,Zomato Food Delivery,-316.73
2024-05-17,Exam Fee Payment,-808.64
2024-05-17,PlayStation Store,-1829.06
2024-05-17,Rapido Bike Taxi,-171.92
2024-05-17,Amazon Purchase,-4587.53
2024-05-18,PUBG UC Purchase,-177.0
2024-05-19,Steam Games,-1893.0
2024-05-20,Myntra Fashion,-2225.03
2024-05-20,Meesho Order,-1656.35
2024-05-20,Ajio Clothing,-3177.65
2024-05-21,Steam Games,-2715.69
2024-05-21,Ola Cab,-370.77
2024-05-23,Steam Games,-1044.05
2024-05-23,Reliance Fresh,-1425.6
2024-05-23,Stationery Purchase,-153.2
2024-05-23,More Supermarket,-311.68
2024-05-24,Amazon Purchase,-5122.59
2024-05-24,Uber Ride,-336.33
2024-05-25,Swiggy Order,-628.07
2024-05-26,Uber Ride,-86.29
2024-05-26,Stationery Purchase,-432.95
2024-05-27,Flipkart Order,-607.11
2024-05-27,Ajio Clothing,-2691.51
2024-05-28,Udemy Course,-904.52
2024-05-28,PlayStation Store,-2143.9
2024-05-29,More Supermarket,-924.03
2024-05-29,DMart Purchase,-2477.27
2024-05-29,Ola Cab,-251.75
2024-05-29,Steam Games,-309.76
2024-05-30,Steam Games,-2615.36
2024-05-31,Meesho Order,-1333.59
2024-06-01,Pocket Money Transfer,14894.48
2024-06-01,Cashback Credit,209.87
2024-06-01,Pocket Money Transfer,9245.98
2024-06-02,Myntra Fashion,-1018.59
2024-06-03,Coursera Subscription,-399.0
2024-06-03,Zomato Late Night,-142.55
2024-06-03,Uber Ride,-82.11
2024-06-03,Zomato Food Delivery,-656.03
2024-06-04,Part Time Job Payment,9429.06
2024-06-04,Stationery Purchase,-51.71
2024-06-04,DMart Purchase,-3422.83
2024-06-05,College Canteen,-104.93
2024-06-05,Exam Fee Payment,-2676.24
2024-06-05,Pocket Money Transfer,13534.39
2024-06-05,Cashback Credit,56.82
2024-06-05,DMart Purchase,-1584.39
2024-06-05,College Canteen,-92.38
2024-06-06,Cashback Credit,172.31
2024-06-06,Swiggy Order,-532.63
2024-06-06,Local Auto Rickshaw,-143.1
2024-06-07,Netflix Subscription,-223.77
2024-06-07,Scholarship Credit,6523.81
2024-06-07,Uber Ride,-93.36
2024-06-07,BigBasket Groceries,-3872.17
2024-06-08,Dominos Pizza,-660.18
2024-06-08,Local Auto Rickshaw,-181.85
2024-06-09,Bus Pass Recharge,-309.61
2024-06-10,PlayStation Store,-2851.01
2024-06-13,Rapido Bike Taxi,-126.65
2024-06-14,DMart Purchase,-1098.47
2024-06-14,Zomato Late Night,-224.43
2024-06-14,Internship Stipend,11656.64
2024-06-14,Netflix Subscription,-327.63
2024-06-14,Swiggy Order,-884.31
2024-06-15,Refund Credit,1955.37
2024-06-15,College Canteen,-125.16
2024-06-16,BigBasket Groceries,-3679.19
2024-06-16,Exam Fee Payment,-2239.38
2024-06-17,Ola Cab,-239.57
2024-06-18,Meesho Order,-943.29
2024-06-19,Part Time Job Payment,4945.33
2024-06-19,Ajio Clothing,-2718.64
2024-06-19,Zomato Food Delivery,-641.23
2024-06-19,Flipkart Order,-5915.59
2024-06-20,Internship Stipend,14821.51
2024-06-20,Rapido Bike Taxi,-190.09
2024-06-20,Cashback Credit,163.51
2024-06-20,PUBG UC Purchase,-506.57
2024-06-21,Internship Stipend,5055.54
2024-06-22,Dominos Pizza,-625.98
2024-06-22,Dominos Pizza,-667.42
2024-06-23,Udemy Course,-801.27
2024-06-23,Refund Credit,1278.02
2024-06-23,Myntra Fashion,-2922.02
2024-06-23,Meesho Order,-1979.78
2024-06-24,Myntra Fashion,-2159.18
2024-06-25,Zomato Food Delivery,-401.05
2024-06-25,Zomato Food Delivery,-783.38
2024-06-26,PUBG UC Purchase,-82.41
2024-06-26,Ajio Clothing,-3214.81
2024-06-26,Scholarship Credit,10039.57
2024-06-26,Scholarship Credit,18800.46
2024-06-27,Swiggy Campus Delivery,-187.32
2024-06-27,Local Auto Rickshaw,-182.81
2024-06-27,Myntra Fashion,-3912.76
2024-06-28,Udemy Course,-737.39
2024-06-28,Rapido Bike Taxi,-126.81
2024-06-29,Cashback Credit,274.55
2024-06-29,Cashback Credit,325.8
2024-06-29,Internship Stipend,14660.54
2024-07-01,DMart Purchase,-3046.04
2024-07-01,Zomato Food Delivery,-725.91
2024-07-02,Netflix Subscription,-601.71
2024-07-03,Cashback Credit,338.89
2024-07-03,Movie Night,-589.19
2024-07-03,Zomato Late Night,-222.82
2024-07-03,Part Time Job Payment,4723.0
2024-07-03,Dominos Pizza,-593.15
2024-07-04,Local Auto Rickshaw,-95.61
2024-07-05,Ola Cab,-160.31
2024-07-05,Zomato Food Delivery,-557.27
2024-07-07,Bus Pass Recharge,-488.09
2024-07-07,Ajio Clothing,-2251.4
2024-07-08,Part Time Job Payment,8820.79
2024-07-09,Meesho Order,-736.04
2024-07-09,Flipkart Order,-3979.55
2024-07-10,PlayStation Store,-3831.81
2024-07-10,Ajio Clothing,-2437.45
2024-07-12,PUBG UC Purchase,-615.02
2024-07-12,Netflix Subscription,-297.89
2024-07-12,Internship Stipend,5714.03
2024-07-13,Amazon Purchase,-7126.2
2024-07-13,Dominos Pizza,-259.16
2024-07-13,Steam Games,-2041.32
2024-07-13,Flipkart Order,-4508.56
2024-07-13,Coursera Subscription,-399.0
2024-07-13,BigBasket Groceries,-1129.83
2024-07-14,Dominos Pizza,-270.63
2024-07-15,Pocket Money Transfer,8073.34
2024-07-17,Cashback Credit,351.6
2024-07-17,Part Time Job Payment,9299.09
2024-07-18,Myntra Fashion,-2159.04
2024-07-18,PlayStation Store,-3229.89
2024-07-18,PlayStation Store,-2891.45
2024-07-18,Internship Stipend,15238.94
2024-07-19,Ajio Clothing,-582.19
2024-07-19,Exam Fee Payment,-1047.62
2024-07-21,PlayStation Store,-1418.06
2024-07-21,Refund Credit,1448.15
2024-07-21,Stationery Purchase,-100.51
2024-07-21,Cashback Credit,92.97
2024-07-21,Netflix Subscription,-544.1
2024-07-22,Ola Cab,-138.55
2024-07-23,Meesho Order,-1365.58
2024-07-23,Scholarship Credit,6742.24
2024-07-23,Hostel Fees,-9773.41
2024-07-24,Udemy Course,-887.71
2024-07-24,Scholarship Credit,8261.39
2024-07-25,Movie Night,-369.96
2024-07-25,Bus Pass Recharge,-225.21
2024-07-25,Uber Ride,-432.02
2024-07-26,Zomato Late Night,-112.03
2024-07-26,College Canteen,-42.71
2024-07-27,Dominos Pizza,-434.52
2024-07-27,Ajio Clothing,-3404.9
2024-07-27,Refund Credit,1777.39
2024-07-28,Pocket Money Transfer,10674.63
2024-07-28,Pocket Money Transfer,14218.89
2024-07-28,Bus Pass Recharge,-155.41
2024-07-28,Stationery Purchase,-154.18
2024-07-28,Dominos Pizza,-439.95
2024-07-28,Meesho Order,-431.83
2024-07-29,Dominos Pizza,-602.11
2024-07-29,Ajio Clothing,-1365.33
2024-07-30,Hostel Fees,-8254.73
2024-07-30,Rapido Bike Taxi,-117.67
2024-07-30,Swiggy Order,-459.53
2024-07-30,Zomato Food Delivery,-191.54
2024-07-30,Bus Pass Recharge,-115.39
2024-07-30,Steam Games,-1520.31
2024-08-01,Refund Credit,534.92
2024-08-02,Myntra Fashion,-1076.19
2024-08-02,Netflix Subscription,-574.57
2024-08-02,Ola Cab,-324.43
2024-08-03,PlayStation Store,-2683.74
2024-08-04,Internship Stipend,24186.08
2024-08-04,Local Auto Rickshaw,-150.5
2024-08-04,Bus Pass Recharge,-103.57
2024-08-04,More Supermarket,-868.59
2024-08-04,Uber Ride,-502.09
2024-08-06,Cashback Credit,222.42
2024-08-06,Reliance Fresh,-1458.91
2024-08-06,Bus Pass Recharge,-204.94
2024-08-07,BigBasket Groceries,-2500.91
2024-08-08,Scholarship Credit,19191.38
2024-08-08,Pocket Money Transfer,9407.22
2024-08-09,PUBG UC Purchase,-307.37
2024-08-09,DMart Purchase,-3203.79
2024-08-10,Ajio Clothing,-3159.13
2024-08-11,Local Auto Rickshaw,-153.57
2024-08-11,Movie Night,-483.17
2024-08-11,Movie Night,-487.51
2024-08-12,Meesho Order,-1078.45
2024-08-13,Flipkart Order,-4284.28
2024-08-13,Local Auto Rickshaw,-111.21
2024-08-13,Swiggy Order,-171.46
2024-08-13,Swiggy Order,-747.57
2024-08-14,Steam Games,-1790.32
2024-08-14,Swiggy Campus Delivery,-256.29
2024-08-16,Ajio Clothing,-2817.12
2024-08-18,Meesho Order,-903.71
2024-08-18,Local Auto Rickshaw,-78.97
2024-08-19,DMart Purchase,-1179.46
2024-08-19,Flipkart Order,-4419.99
2024-08-19,PlayStation Store,-1670.52
2024-08-20,Bus Pass Recharge,-162.1
2024-08-20,Dominos Pizza,-435.11
2024-08-20,Scholarship Credit,19695.66
2024-08-21,Amazon Purchase,-6517.92
2024-08-21,Part Time Job Payment,9926.89
2024-08-21,Stationery Purchase,-405.71
2024-08-22,Ajio Clothing,-888.46
2024-08-22,Local Auto Rickshaw,-185.54
2024-08-23,Ajio Clothing,-2176.38
2024-08-23,Refund Credit,949.07
2024-08-23,Myntra Fashion,-2313.04
2024-08-25,Refund Credit,1994.36
2024-08-25,Ola Cab,-129.51
2024-08-26,Scholarship Credit,10848.5
2024-08-26,Part Time Job Payment,4314.13
2024-08-27,Flipkart Order,-3334.27
2024-08-27,Swiggy Campus Delivery,-189.51
2024-08-28,Udemy Course,-505.7
2024-08-28,Myntra Fashion,-1723.05
2024-08-29,Netflix Subscription,-185.33
2024-08-29,Cashback Credit,147.12
2024-09-01,Ajio Clothing,-1885.02
2024-09-01,Refund Credit,1225.26
2024-09-02,Zomato Food Delivery,-569.73
2024-09-02,Hostel Fees,-11034.88
2024-09-03,Zomato Late Night,-377.85
2024-09-03,Swiggy Campus Delivery,-192.16
2024-09-03,Stationery Purchase,-196.44
2024-09-03,Bus Pass Recharge,-288.95
2024-09-05,Swiggy Campus Delivery,-338.77
2024-09-06,Steam Games,-1964.47
2024-09-06,PlayStation Store,-2135.38
2024-09-07,Movie Night,-426.68
2024-09-08,Zomato Food Delivery,-357.73
2024-09-08,Zomato Food Delivery,-699.0
2024-09-08,Exam Fee Payment,-1384.12
2024-09-08,Scholarship Credit,19551.86
2024-09-09,Pocket Money Transfer,14593.02
2024-09-09,Coursera Subscription,-399.0
2024-09-10,Stationery Purchase,-71.5
2024-09-11,DMart Purchase,-1802.88
2024-09-11,Bus Pass Recharge,-225.46
2024-09-11,Reliance Fresh,-1873.73
2024-09-12,Zomato Late Night,-303.0
2024-09-13,Refund Credit,712.92
2024-09-13,Scholarship Credit,19520.64
2024-09-13,Ajio Clothing,-3104.73
2024-09-13,Zomato Late Night,-344.26
2024-09-14,More Supermarket,-1524.21
2024-09-15,Stationery Purchase,-98.03
2024-09-16,Ola Cab,-387.0
2024-09-17,Swiggy Order,-454.19
2024-09-17,DMart Purchase,-1357.45
2024-09-17,Ajio Clothing,-3356.77
2024-09-19,Zomato Food Delivery,-427.65
2024-09-19,PUBG UC Purchase,-120.35
2024-09-20,Zomato Late Night,-366.83
2024-09-20,Ajio Clothing,-942.8
2024-09-21,More Supermarket,-310.23
2024-09-22,More Supermarket,-1698.03
2024-09-22,Movie Night,-371.48
2024-09-22,Reliance Fresh,-537.98
2024-09-22,Swiggy Order,-729.88
2024-09-23,Myntra Fashion,-1105.75
2024-09-24,Zomato Late Night,-214.82
2024-09-26,PlayStation Store,-3194.84
2024-09-26,Pocket Money Transfer,14029.12
2024-09-27,Netflix Subscription,-620.57
2024-09-27,Zomato Food Delivery,-314.59
2024-09-28,Netflix Subscription,-361.21
2024-09-28,Stationery Purchase,-340.7
2024-09-28,Meesho Order,-1866.95
2024-09-29,Scholarship Credit,8747.33
2024-09-29,Coursera Subscription,-399.0
2024-09-30,Dominos Pizza,-412.46
2024-09-30,Udemy Course,-425.12
2024-10-01,Cashback Credit,261.75
2024-10-03,Movie Night,-277.4
2024-10-03,PlayStation Store,-3827.36
2024-10-03,Flipkart Order,-5702.0
2024-10-03,Swiggy Order,-342.79
2024-10-03,DMart Purchase,-463.2
2024-10-05,Rapido Bike Taxi,-145.63
2024-10-05,Part Time Job Payment,6740.79
2024-10-05,Stationery Purchase,-303.34
2024-10-06,Ola Cab,-184.68
2024-10-06,PUBG UC Purchase,-757.39
2024-10-07,Steam Games,-784.43
2024-10-08,Cashback Credit,191.16
2024-10-09,Swiggy Campus Delivery,-90.78
2024-10-10,BigBasket Groceries,-1172.59
2024-10-10,BigBasket Groceries,-2689.87
2024-10-11,PUBG UC Purchase,-792.21
2024-10-11,DMart Purchase,-386.01
2024-10-11,Internship Stipend,5454.17
2024-10-12,Ajio Clothing,-2293.04
2024-10-13,Rapido Bike Taxi,-139.08
2024-10-13,Rapido Bike Taxi,-129.59
2024-10-13,PUBG UC Purchase,-570.52
2024-10-13,Ola Cab,-74.54
2024-10-13,Meesho Order,-1269.29
2024-10-14,PUBG UC Purchase,-125.85
2024-10-14,Internship Stipend,21071.75
2024-10-15,Reliance Fresh,-1989.98
2024-10-15,Ajio Clothing,-1260.1
2024-10-15,Uber Ride,-395.93
2024-10-15,Swiggy Order,-611.41
2024-10-16,Rapido Bike Taxi,-59.24
2024-10-16,Meesho Order,-620.97
2024-10-17,Bus Pass Recharge,-159.84
2024-10-17,BigBasket Groceries,-3274.54
2024-10-19,PUBG UC Purchase,-774.88
2024-10-19,Exam Fee Payment,-1876.03
2024-10-19,Meesho Order,-1932.34
2024-10-20,Stationery Purchase,-209.51
2024-10-20,PlayStation Store,-670.48
2024-10-20,Internship Stipend,5635.55
2024-10-21,Amazon Purchase,-7811.22
2024-10-22,More Supermarket,-1688.8
2024-10-22,Pocket Money Transfer,9829.76
2024-10-23,Swiggy Campus Delivery,-164.13
2024-10-23,PlayStation Store,-856.62
2024-10-23,Myntra Fashion,-2442.4
2024-10-23,Coursera Subscription,-399.0
2024-10-23,Flipkart Order,-1027.33
2024-10-24,Local Auto Rickshaw,-149.1
2024-10-24,Movie Night,-431.07
2024-10-24,Internship Stipend,18278.02
2024-10-24,Zomato Late Night,-364.74
2024-10-24,Pocket Money Transfer,14973.91
2024-10-24,Udemy Course,-477.84
2024-10-25,Coursera Subscription,-399.0
2024-10-26,Amazon Purchase,-1066.52
2024-10-26,Pocket Money Transfer,10854.74
2024-10-26,Netflix Subscription,-386.02
2024-10-26,Scholarship Credit,10707.59
2024-10-27,Movie Night,-459.09
2024-10-28,Coursera Subscription,-399.0
2024-10-29,Stationery Purchase,-69.73
2024-10-29,Coursera Subscription,-399.0
2024-10-30,Flipkart Order,-1848.93
2024-10-30,Reliance Fresh,-682.04
2024-10-30,Dominos Pizza,-392.11
2024-10-31,Hostel Fees,-11882.32
2024-10-31,BigBasket Groceries,-445.91
2024-10-31,Meesho Order,-1904.09
2024-10-31,Refund Credit,935.82
2024-10-31,Amazon Purchase,-4350.52
2024-10-31,Uber Ride,-133.25
2024-11-01,Local Auto Rickshaw,-97.34
2024-11-02,Steam Games,-2087.52
2024-11-02,Cashback Credit,215.4
2024-11-02,PUBG UC Purchase,-780.2
2024-11-02,Reliance Fresh,-1240.45
2024-11-02,Ola Cab,-310.99
2024-11-04,Uber Ride,-144.27
2024-11-04,Zomato Food Delivery,-672.96
2024-11-04,Amazon Purchase,-4063.06
2024-11-04,Bus Pass Recharge,-171.81
2024-11-05,Refund Credit,1073.82
2024-11-05,Hostel Fees,-14702.94
2024-11-06,Dominos Pizza,-340.55
2024-11-06,Dominos Pizza,-486.76
2024-11-08,Myntra Fashion,-3832.85
2024-11-08,PUBG UC Purchase,-247.22
2024-11-08,Pocket Money Transfer,9182.94
2024-11-09,Pocket Money Transfer,6893.82
2024-11-10,Udemy Course,-467.49
2024-11-11,Exam Fee Payment,-1648.51
2024-11-12,Refund Credit,1386.03
2024-11-12,Movie Night,-362.77
2024-11-13,Flipkart Order,-4200.71
2024-11-13,Bus Pass Recharge,-228.46
2024-11-14,Dominos Pizza,-535.18
2024-11-14,Stationery Purchase,-494.06
2024-11-14,Internship Stipend,10903.38
2024-11-15,Uber Ride,-279.57
2024-11-16,College Canteen,-124.32
2024-11-17,Udemy Course,-899.46
2024-11-17,Coursera Subscription,-399.0
2024-11-17,Scholarship Credit,5983.75
2024-11-17,Coursera Subscription,-399.0
2024-11-17,Swiggy Campus Delivery,-282.21
2024-11-18,Flipkart Order,-4980.83
2024-11-18,Internship Stipend,5405.7
2024-11-19,Cashback Credit,68.31
2024-11-20,PlayStation Store,-777.31
2024-11-20,College Canteen,-96.91
2024-11-21,Uber Ride,-327.54
2024-11-21,Internship Stipend,22200.22
2024-11-21,Zomato Food Delivery,-152.27
2024-11-21,Uber Ride,-445.92
2024-11-22,Ola Cab,-74.95
2024-11-22,Ajio Clothing,-818.64
2024-11-24,Movie Night,-566.66
2024-11-24,Internship Stipend,7908.99
2024-11-24,Flipkart Order,-4607.22
2024-11-24,Part Time Job Payment,4447.04
2024-11-25,DMart Purchase,-1664.35
2024-11-25,More Supermarket,-621.18
2024-11-25,Flipkart Order,-4007.25
2024-11-26,PUBG UC Purchase,-569.08
2024-11-26,Meesho Order,-875.42
2024-11-26,Meesho Order,-169.25
2024-11-26,Ajio Clothing,-2239.53
2024-11-27,More Supermarket,-330.53
2024-11-27,Uber Ride,-482.29
2024-11-28,Ola Cab,-488.39
2024-11-29,Meesho Order,-879.0
2024-11-29,Swiggy Campus Delivery,-307.04
2024-11-29,Zomato Food Delivery,-728.48
2024-11-29,Swiggy Order,-826.92
2024-12-01,Rapido Bike Taxi,-100.25
2024-12-01,Internship Stipend,21541.55
2024-12-01,Meesho Order,-448.81
2024-12-04,Exam Fee Payment,-1297.26
2024-12-04,Zomato Food Delivery,-664.24
2024-12-04,More Supermarket,-340.03
2024-12-04,Swiggy Order,-115.25
2024-12-04,Reliance Fresh,-1531.06
2024-12-04,Internship Stipend,22938.44
2024-12-05,Refund Credit,514.24
2024-12-05,College Canteen,-134.12
2024-12-05,PUBG UC Purchase,-720.46
2024-12-06,Dominos Pizza,-643.03
2024-12-07,Pocket Money Transfer,11521.82
2024-12-07,Dominos Pizza,-406.35
2024-12-08,Swiggy Order,-433.8
2024-12-08,Dominos Pizza,-551.41
2024-12-08,College Canteen,-124.29
2024-12-09,Ola Cab,-125.44
2024-12-09,Udemy Course,-675.17
2024-12-10,Myntra Fashion,-3830.91
2024-12-11,Swiggy Order,-760.08
2024-12-11,Swiggy Campus Delivery,-226.46
2024-12-12,Exam Fee Payment,-2689.39
2024-12-14,Ola Cab,-150.59
2024-12-14,Refund Credit,1727.07
2024-12-14,Rapido Bike Taxi,-83.92
2024-12-14,Ajio Clothing,-2513.61
2024-12-16,Swiggy Campus Delivery,-151.9
2024-12-17,Internship Stipend,16020.49
2024-12-18,Zomato Food Delivery,-397.21
2024-12-18,Amazon Purchase,-5167.29
2024-12-19,Swiggy Campus Delivery,-125.09
2024-12-20,Internship Stipend,16254.61
2024-12-20,Movie Night,-270.97
2024-12-20,Exam Fee Payment,-1402.55
2024-12-21,Meesho Order,-757.96
2024-12-21,Udemy Course,-842.93
2024-12-22,Myntra Fashion,-2416.54
2024-12-22,Reliance Fresh,-1884.63
2024-12-23,Netflix Subscription,-352.86
2024-12-23,Internship Stipend,19802.6
2024-12-25,Myntra Fashion,-3787.23
2024-12-27,Myntra Fashion,-1790.98
2024-12-27,Amazon Purchase,-6368.28
2024-12-27,Swiggy Campus Delivery,-102.58
2024-12-27,Meesho Order,-1635.49
2024-12-27,Reliance Fresh,-1729.47
2024-12-28,DMart Purchase,-3206.3
2024-12-29,Uber Ride,-415.17
2024-12-29,Hostel Fees,-6214.1
2024-12-29,Part Time Job Payment,9917.87
2024-12-31,Coursera Subscription,-399.0
2024-12-31,Bus Pass Recharge,-224.41
2024-12-31,Movie Night,-571.95
2025-01-01,Flipkart Order,-3746.92
2025-01-01,Zomato Late Night,-82.84
2025-01-01,Udemy Course,-804.27
2025-01-01,Bus Pass Recharge,-347.23
2025-01-02,Ajio Clothing,-1900.85
2025-01-02,BigBasket Groceries,-3693.97
2025-01-02,Rapido Bike Taxi,-138.11
2025-01-03,Exam Fee Payment,-2659.65
2025-01-03,Hostel Fees,-12589.86
2025-01-03,Hostel Fees,-9539.09
2025-01-04,Pocket Money Transfer,11975.19
2025-01-04,Rapido Bike Taxi,-123.75
2025-01-04,Hostel Fees,-8016.09
2025-01-05,Stationery Purchase,-73.43
2025-01-05,Exam Fee Payment,-2527.39
2025-01-05,Coursera Subscription,-399.0
2025-01-05,Movie Night,-598.51
2025-01-05,DMart Purchase,-3429.28
2025-01-06,Uber Ride,-119.05
2025-01-06,Cashback Credit,207.76
2025-01-06,Scholarship Credit,16941.84
2025-01-06,Exam Fee Payment,-2993.36
2025-01-06,Meesho Order,-1300.04
2025-01-06,Zomato Food Delivery,-596.45
2025-01-07,Scholarship Credit,13182.87
2025-01-07,Part Time Job Payment,7548.88
2025-01-07,Zomato Late Night,-331.11
2025-01-08,DMart Purchase,-2832.71
2025-01-09,Refund Credit,1378.65
2025-01-09,Pocket Money Transfer,14878.16
2025-01-10,Myntra Fashion,-904.59
2025-01-10,Part Time Job Payment,5197.82
2025-01-11,Part Time Job Payment,6864.96
2025-01-11,Swiggy Campus Delivery,-145.03
2025-01-11,Scholarship Credit,6488.34
2025-01-13,Dominos Pizza,-336.5
2025-01-13,PlayStation Store,-361.13
2025-01-13,Dominos Pizza,-419.51
2025-01-13,More Supermarket,-805.71
2025-01-13,DMart Purchase,-2570.74
2025-01-13,Pocket Money Transfer,7387.42
2025-01-14,Movie Night,-328.35
2025-01-16,Zomato Food Delivery,-288.97
2025-01-16,Zomato Food Delivery,-761.61
2025-01-16,Scholarship Credit,15891.17
2025-01-17,Movie Night,-558.14
2025-01-17,Flipkart Order,-935.66
2025-01-17,Ola Cab,-154.12
2025-01-17,Uber Ride,-85.42
2025-01-18,DMart Purchase,-1986.17
2025-01-18,Cashback Credit,165.77
2025-01-20,PlayStation Store,-3155.41
2025-01-21,Stationery Purchase,-453.22
2025-01-21,Zomato Late Night,-345.4
2025-01-21,Netflix Subscription,-553.04
2025-01-21,Dominos Pizza,-202.64
2025-01-22,Refund Credit,671.25
2025-01-23,Rapido Bike Taxi,-58.85
2025-01-24,Zomato Food Delivery,-761.43
2025-01-24,Zomato Late Night,-245.97
2025-01-25,Pocket Money Transfer,11894.7
2025-01-25,Ola Cab,-476.34
2025-01-26,Meesho Order,-1751.45
2025-01-27,More Supermarket,-549.06
2025-01-28,Udemy Course,-657.11
2025-01-28,Cashback Credit,441.88
2025-01-28,Myntra Fashion,-2046.44
2025-01-28,Exam Fee Payment,-2894.49
2025-01-28,Dominos Pizza,-344.55
2025-01-29,Udemy Course,-489.0
2025-01-29,Dominos Pizza,-525.83
2025-01-31,Zomato Late Night,-182.07
2025-01-31,Refund Credit,1183.71
2025-01-31,PUBG UC Purchase,-378.45
2025-02-01,Uber Ride,-522.49
2025-02-02,Stationery Purchase,-398.38
2025-02-02,Steam Games,-1010.59
2025-02-03,Swiggy Campus Delivery,-145.53
2025-02-03,Pocket Money Transfer,6483.16
2025-02-03,Local Auto Rickshaw,-143.59
2025-02-04,Swiggy Campus Delivery,-133.65
2025-02-05,Hostel Fees,-11204.5
2025-02-05,Ola Cab,-118.72
2025-02-06,Stationery Purchase,-295.43
2025-02-06,College Canteen,-131.19
2025-02-06,Zomato Food Delivery,-560.87
2025-02-07,Uber Ride,-425.21
2025-02-07,Ajio Clothing,-2529.59
2025-02-09,More Supermarket,-387.01
2025-02-09,Exam Fee Payment,-1254.74
2025-02-10,DMart Purchase,-633.12
2025-02-11,Part Time Job Payment,3671.83
2025-02-11,Part Time Job Payment,8489.45
2025-02-11,PlayStation Store,-2890.34
2025-02-12,Udemy Course,-946.82
2025-02-13,Cashback Credit,424.84
2025-02-14,Stationery Purchase,-395.57
2025-02-14,Dominos Pizza,-209.46
2025-02-14,Stationery Purchase,-492.04
2025-02-15,Amazon Purchase,-4662.44
2025-02-15,Pocket Money Transfer,7470.5
2025-02-16,Zomato Late Night,-323.05
2025-02-17,Ola Cab,-491.17
2025-02-17,Amazon Purchase,-3892.15
2025-02-17,Local Auto Rickshaw,-159.58
2025-02-17,Rapido Bike Taxi,-58.12
2025-02-18,Uber Ride,-292.78
2025-02-18,Rapido Bike Taxi,-181.49
2025-02-18,Exam Fee Payment,-1989.74
2025-02-18,Meesho Order,-681.69
2025-02-19,More Supermarket,-910.52
2025-02-19,PlayStation Store,-1250.44
2025-02-20,Movie Night,-275.2
2025-02-22,Refund Credit,1507.66
2025-02-22,Flipkart Order,-1901.76
2025-02-23,Ajio Clothing,-3173.03
2025-02-23,Internship Stipend,16054.63
2025-02-23,DMart Purchase,-1220.63
2025-02-24,Steam Games,-2172.43
2025-02-25,Uber Ride,-390.37
2025-02-25,Zomato Late Night,-230.24
2025-02-25,Amazon Purchase,-1790.39
2025-02-26,Hostel Fees,-14904.78
2025-02-26,PUBG UC Purchase,-177.32
2025-02-27,DMart Purchase,-2008.8
2025-02-28,Netflix Subscription,-582.36
2025-02-28,Internship Stipend,23944.35
2025-02-28,Steam Games,-634.9
2025-03-01,DMart Purchase,-880.8
2025-03-01,Cashback Credit,171.36
2025-03-01,Ola Cab,-207.54
2025-03-02,Amazon Purchase,-4835.27
2025-03-02,Refund Credit,1853.52
2025-03-02,Bus Pass Recharge,-420.11
2025-03-04,BigBasket Groceries,-2973.37
2025-03-05,Pocket Money Transfer,13369.23
2025-03-05,Ajio Clothing,-1101.92
2025-03-05,Scholarship Credit,10796.35
2025-03-05,Swiggy Order,-157.3
2025-03-05,Rapido Bike Taxi,-196.42
2025-03-07,Amazon Purchase,-1405.0
2025-03-07,Reliance Fresh,-676.15
2025-03-07,Refund Credit,887.27
2025-03-07,More Supermarket,-1002.46
2025-03-07,Rapido Bike Taxi,-171.59
2025-03-08,DMart Purchase,-2119.96
2025-03-08,BigBasket Groceries,-2812.62
2025-03-09,College Canteen,-53.26
2025-03-10,PlayStation Store,-3511.04
2025-03-10,Rapido Bike Taxi,-38.21
2025-03-10,Movie Night,-235.38
2025-03-11,Udemy Course,-684.23
2025-03-11,Flipkart Order,-4094.56
2025-03-11,Dominos Pizza,-696.74
2025-03-12,Internship Stipend,10306.94
2025-03-13,Myntra Fashion,-1055.6
2025-03-13,Coursera Subscription,-399.0
2025-03-13,College Canteen,-105.2
2025-03-13,Netflix Subscription,-265.51
2025-03-13,Steam Games,-1722.52
2025-03-14,PlayStation Store,-797.63
2025-03-15,Part Time Job Payment,6792.01
2025-03-15,Internship Stipend,5408.55
2025-03-15,Swiggy Campus Delivery,-286.11
2025-03-16,Zomato Food Delivery,-697.42
2025-03-16,Refund Credit,276.5
2025-03-17,DMart Purchase,-1709.04
2025-03-18,Rapido Bike Taxi,-161.1
2025-03-18,Part Time Job Payment,9426.98
2025-03-18,Uber Ride,-135.66
2025-03-18,Bus Pass Recharge,-281.1
2025-03-20,Reliance Fresh,-1333.39
2025-03-20,Pocket Money Transfer,14261.48
2025-03-21,Netflix Subscription,-205.35
2025-03-22,College Canteen,-63.62
2025-03-22,DMart Purchase,-973.8
2025-03-24,Ola Cab,-305.23
2025-03-24,Refund Credit,720.21
2025-03-25,Swiggy Order,-815.06
2025-03-25,Dominos Pizza,-367.75
2025-03-26,DMart Purchase,-1505.62
2025-03-26,Part Time Job Payment,8331.04
2025-03-26,More Supermarket,-782.84
2025-03-27,College Canteen,-136.6
2025-03-27,Ajio Clothing,-1415.98
2025-03-27,Part Time Job Payment,8304.48
2025-03-27,Bus Pass Recharge,-490.09
2025-03-27,Myntra Fashion,-1274.24
2025-03-28,Netflix Subscription,-464.22
2025-03-28,Swiggy Campus Delivery,-321.85
2025-03-29,Flipkart Order,-5679.48
2025-03-29,Swiggy Campus Delivery,-113.53
2025-03-30,Refund Credit,1374.51
2025-03-30,Ajio Clothing,-2792.15
2025-03-31,Pocket Money Transfer,13199.02
2025-03-31,Stationery Purchase,-92.71
2025-03-31,Coursera Subscription,-399.0
2025-04-01,Refund Credit,1500.43
2025-04-02,Stationery Purchase,-191.18
2025-04-03,Local Auto Rickshaw,-163.73
2025-04-03,Internship Stipend,12932.01
2025-04-03,Udemy Course,-482.27
2025-04-04,Movie Night,-302.67
2025-04-04,Meesho Order,-754.79
2025-04-04,Reliance Fresh,-1392.44
2025-04-04,Flipkart Order,-4419.41
2025-04-05,Hostel Fees,-11650.31
2025-04-07,Rapido Bike Taxi,-189.65
2025-04-08,Cashback Credit,178.71
2025-04-08,Dominos Pizza,-353.64
2025-04-08,Udemy Course,-456.5
2025-04-09,Pocket Money Transfer,13361.22
2025-04-09,Flipkart Order,-3504.2
2025-04-10,Bus Pass Recharge,-323.01
2025-04-10,Refund Credit,330.61
2025-04-10,Bus Pass Recharge,-425.52
2025-04-11,Coursera Subscription,-399.0
2025-04-11,Bus Pass Recharge,-240.96
2025-04-11,Movie Night,-369.69
2025-04-12,PUBG UC Purchase,-234.97
2025-04-12,Ajio Clothing,-679.97
2025-04-12,Dominos Pizza,-298.85
2025-04-12,Dominos Pizza,-373.24
2025-04-13,Flipkart Order,-4806.95
2025-04-13,Hostel Fees,-13186.08
2025-04-13,PUBG UC Purchase,-730.25
2025-04-14,Coursera Subscription,-399.0
2025-04-14,PUBG UC Purchase,-179.08
2025-04-14,Movie Night,-474.52
2025-04-14,Swiggy Campus Delivery,-316.07
2025-04-14,Myntra Fashion,-2163.8
2025-04-15,Ajio Clothing,-2704.75
2025-04-15,PUBG UC Purchase,-108.12
2025-04-16,Meesho Order,-909.73
2025-04-17,Udemy Course,-992.84
2025-04-17,Flipkart Order,-1970.66
2025-04-17,Swiggy Order,-776.9
2025-04-18,PUBG UC Purchase,-701.88
2025-04-18,Uber Ride,-438.88
2025-04-19,PlayStation Store,-1150.06
2025-04-19,Netflix Subscription,-496.43
2025-04-20,Coursera Subscription,-399.0
2025-04-20,Coursera Subscription,-399.0
2025-04-20,Uber Ride,-326.51
2025-04-20,Movie Night,-537.49
2025-04-21,Cashback Credit,321.96
2025-04-21,Hostel Fees,-5629.37
2025-04-22,Rapido Bike Taxi,-148.38
2025-04-23,Scholarship Credit,17747.46
2025-04-24,Netflix Subscription,-271.16
2025-04-24,Stationery Purchase,-69.14
2025-04-26,Scholarship Credit,9981.89
2025-04-28,Zomato Food Delivery,-268.16
2025-04-29,Dominos Pizza,-530.9
2025-04-29,Internship Stipend,15176.33
2025-05-01,Reliance Fresh,-525.34
2025-05-01,Internship Stipend,14945.16
2025-05-01,Amazon Purchase,-4143.17
2025-05-02,Stationery Purchase,-308.25
2025-05-02,Reliance Fresh,-1115.91
2025-05-02,Local Auto Rickshaw,-83.08
2025-05-02,Cashback Credit,350.0
2025-05-03,Internship Stipend,6123.79
2025-05-03,Flipkart Order,-4766.56
2025-05-03,Zomato Food Delivery,-662.86
2025-05-03,Zomato Food Delivery,-846.88
2025-05-04,Local Auto Rickshaw,-40.35
2025-05-04,Flipkart Order,-2743.19
2025-05-04,Netflix Subscription,-433.42
2025-05-05,Local Auto Rickshaw,-169.47
2025-05-05,Cashback Credit,196.27
2025-05-05,Exam Fee Payment,-2690.65
2025-05-07,Pocket Money Transfer,13158.75
2025-05-07,Part Time Job Payment,9975.31
2025-05-07,Reliance Fresh,-1823.58
2025-05-07,Rapido Bike Taxi,-38.81
2025-05-07,DMart Purchase,-701.45
2025-05-08,Udemy Course,-509.84
2025-05-08,Local Auto Rickshaw,-75.98
2025-05-09,Internship Stipend,6857.9
2025-05-09,Udemy Course,-867.93
2025-05-09,Cashback Credit,273.27
2025-05-10,Meesho Order,-1738.46
2025-05-10,Swiggy Campus Delivery,-199.29
2025-05-10,Myntra Fashion,-2341.79
2025-05-11,Internship Stipend,10469.09
2025-05-11,Local Auto Rickshaw,-71.05
2025-05-11,DMart Purchase,-2493.42
2025-05-11,Zomato Food Delivery,-223.3
2025-05-12,Ola Cab,-201.45
2025-05-12,Dominos Pizza,-630.18
2025-05-12,BigBasket Groceries,-3314.98
2025-05-13,Zomato Food Delivery,-536.31
2025-05-13,Myntra Fashion,-581.13
2025-05-13,Myntra Fashion,-2774.22
2025-05-13,Meesho Order,-1429.39
2025-05-13,Local Auto Rickshaw,-135.44
2025-05-14,Udemy Course,-845.12
2025-05-14,Pocket Money Transfer,9997.26
2025-05-14,Flipkart Order,-5181.33
2025-05-14,Cashback Credit,187.5
2025-05-14,Reliance Fresh,-385.11
2025-05-15,Scholarship Credit,9994.35
2025-05-15,Cashback Credit,228.31
2025-05-15,Ola Cab,-212.67
2025-05-15,Zomato Food Delivery,-840.45
2025-05-16,Bus Pass Recharge,-316.97
2025-05-16,DMart Purchase,-2303.05
2025-05-16,Scholarship Credit,11456.04
2025-05-17,Internship Stipend,9677.44
2025-05-17,Part Time Job Payment,9691.93
2025-05-18,Ola Cab,-419.76
2025-05-18,Flipkart Order,-5932.87
2025-05-18,Udemy Course,-852.02
2025-05-18,Part Time Job Payment,4071.77
2025-05-19,Pocket Money Transfer,14676.78
2025-05-19,Movie Night,-363.63
2025-05-19,Scholarship Credit,11764.62
2025-05-19,Uber Ride,-559.12
2025-05-21,Flipkart Order,-467.46
2025-05-23,Zomato Food Delivery,-803.58
2025-05-23,Part Time Job Payment,3589.9
2025-05-24,Bus Pass Recharge,-304.66
2025-05-24,Bus Pass Recharge,-272.39
2025-05-24,Coursera Subscription,-399.0
2025-05-24,Dominos Pizza,-484.12
2025-05-26,DMart Purchase,-636.14
2025-05-26,BigBasket Groceries,-3548.91
2025-05-27,Internship Stipend,16630.45
2025-05-27,Pocket Money Transfer,12025.75
2025-05-27,Zomato Late Night,-153.89
2025-05-27,Bus Pass Recharge,-355.14
2025-05-27,Flipkart Order,-515.06
2025-05-28,Movie Night,-555.57
2025-05-29,Zomato Food Delivery,-136.06
2025-05-29,Stationery Purchase,-72.9
2025-05-29,College Canteen,-142.33
2025-05-29,Steam Games,-1810.03
2025-05-29,BigBasket Groceries,-656.23
2025-05-31,Part Time Job Payment,5511.02
2025-05-31,More Supermarket,-1799.54
2025-06-02,PlayStation Store,-1331.08
2025-06-02,Exam Fee Payment,-2116.47
2025-06-03,Udemy Course,-819.37
2025-06-03,Amazon Purchase,-3734.45
2025-06-04,Steam Games,-1954.38
2025-06-04,PUBG UC Purchase,-137.03
2025-06-04,Bus Pass Recharge,-400.88
2025-06-05,Zomato Late Night,-391.57
2025-06-06,Bus Pass Recharge,-482.07
2025-06-07,Coursera Subscription,-399.0
2025-06-07,Swiggy Order,-257.29
2025-06-08,Bus Pass Recharge,-340.14
2025-06-08,Rapido Bike Taxi,-71.0
2025-06-08,Rapido Bike Taxi,-134.91
2025-06-09,Amazon Purchase,-5233.5
2025-06-09,Myntra Fashion,-2530.68
2025-06-09,Zomato Late Night,-283.86
2025-06-09,Udemy Course,-916.13
2025-06-11,Pocket Money Transfer,11645.87
2025-06-11,Cashback Credit,283.07
2025-06-16,Ajio Clothing,-824.8
2025-06-16,Local Auto Rickshaw,-164.7
2025-06-16,Rapido Bike Taxi,-78.62
2025-06-16,More Supermarket,-1732.72
2025-06-17,DMart Purchase,-3397.12
2025-06-17,Bus Pass Recharge,-462.78
2025-06-17,DMart Purchase,-2265.66
2025-06-17,More Supermarket,-1667.01
2025-06-18,Stationery Purchase,-428.48
2025-06-19,Ajio Clothing,-2415.33
2025-06-19,Steam Games,-2606.73
2025-06-20,Movie Night,-365.33
2025-06-20,Zomato Food Delivery,-370.43
2025-06-20,Zomato Late Night,-298.07
2025-06-20,Scholarship Credit,18052.78
2025-06-21,Dominos Pizza,-201.38
2025-06-21,Netflix Subscription,-289.92
2025-06-22,Amazon Purchase,-257.25
2025-06-22,Refund Credit,767.74
2025-06-22,Reliance Fresh,-1136.93
2025-06-22,Scholarship Credit,7199.53
2025-06-23,Pocket Money Transfer,13116.29
2025-06-23,BigBasket Groceries,-1193.69
2025-06-23,Dominos Pizza,-385.93
2025-06-24,Uber Ride,-393.71
2025-06-24,Swiggy Campus Delivery,-175.36
2025-06-26,Steam Games,-2372.07
2025-06-26,Pocket Money Transfer,13617.84
2025-06-26,More Supermarket,-590.67
2025-06-26,Rapido Bike Taxi,-33.76
2025-06-26,Myntra Fashion,-3987.06
2025-06-27,Zomato Late Night,-153.72
2025-06-27,Local Auto Rickshaw,-96.02
2025-06-28,Pocket Money Transfer,11398.99
2025-06-28,Netflix Subscription,-284.79
2025-06-28,PUBG UC Purchase,-342.55
2025-06-29,Part Time Job Payment,5019.29
2025-06-29,Myntra Fashion,-1578.14
2025-06-30,Hostel Fees,-6209.1
2025-06-30,Netflix Subscription,-461.47
2025-06-30,Ajio Clothing,-3157.48
2025-07-01,Bus Pass Recharge,-162.44
2025-07-02,Cashback Credit,220.85
2025-07-02,Pocket Money Transfer,13713.29
2025-07-03,Dominos Pizza,-349.08
2025-07-03,Flipkart Order,-1072.5
2025-07-03,Cashback Credit,347.95
2025-07-05,Scholarship Credit,10898.64
2025-07-06,Zomato Food Delivery,-505.06
2025-07-07,More Supermarket,-439.13
2025-07-08,DMart Purchase,-1461.28
2025-07-09,Myntra Fashion,-3994.3
2025-07-10,Movie Night,-375.14
2025-07-11,Hostel Fees,-8743.02
2025-07-11,Reliance Fresh,-1203.73
2025-07-11,PUBG UC Purchase,-409.78
2025-07-12,Steam Games,-289.14
2025-07-12,Ajio Clothing,-2724.58
2025-07-12,Scholarship Credit,7675.99
2025-07-13,BigBasket Groceries,-1831.99
2025-07-13,Steam Games,-812.71
2025-07-14,Local Auto Rickshaw,-46.97
2025-07-14,Coursera Subscription,-399.0
2025-07-15,Internship Stipend,21980.78
2025-07-15,Internship Stipend,6050.71
2025-07-16,Refund Credit,1359.2
2025-07-16,DMart Purchase,-1391.78
2025-07-17,Zomato Food Delivery,-300.77
2025-07-18,Part Time Job Payment,7250.89
2025-07-18,Coursera Subscription,-399.0
2025-07-19,Cashback Credit,325.16
2025-07-19,Local Auto Rickshaw,-47.31
2025-07-20,Udemy Course,-872.43
2025-07-20,Flipkart Order,-4075.49
2025-07-20,BigBasket Groceries,-2253.19
2025-07-22,Swiggy Campus Delivery,-177.6
2025-07-23,PUBG UC Purchase,-305.0
2025-07-23,Dominos Pizza,-255.0
2025-07-23,Myntra Fashion,-2619.53
2025-07-23,Scholarship Credit,18393.25
2025-07-23,Steam Games,-2840.02
2025-07-24,Scholarship Credit,19264.68
2025-07-24,Ajio Clothing,-2992.22
2025-07-24,College Canteen,-101.06
2025-07-25,Local Auto Rickshaw,-108.46
2025-07-26,Udemy Course,-602.58
2025-07-26,Pocket Money Transfer,10697.33
2025-07-26,Rapido Bike Taxi,-159.33
2025-07-26,Local Auto Rickshaw,-165.25
2025-07-26,Swiggy Order,-865.11
2025-07-26,Amazon Purchase,-3044.5
2025-07-28,Zomato Food Delivery,-758.94
2025-07-29,Movie Night,-328.26
2025-07-29,Hostel Fees,-12456.0
2025-07-29,Zomato Food Delivery,-790.75
2025-07-29,PUBG UC Purchase,-689.05
2025-07-30,PlayStation Store,-3169.45
2025-07-30,BigBasket Groceries,-1774.25
2025-07-31,More Supermarket,-259.92
2025-07-31,Dominos Pizza,-503.58
2025-08-01,Flipkart Order,-2058.63
2025-08-01,Bus Pass Recharge,-400.61
2025-08-02,PUBG UC Purchase,-662.31
2025-08-02,DMart Purchase,-1093.76
2025-08-02,Pocket Money Transfer,12984.28
2025-08-03,Local Auto Rickshaw,-113.18
2025-08-03,Udemy Course,-852.77
2025-08-05,Local Auto Rickshaw,-90.47
2025-08-06,Netflix Subscription,-359.02
2025-08-06,DMart Purchase,-1007.25
2025-08-06,Steam Games,-1066.16
2025-08-06,College Canteen,-77.14
2025-08-07,More Supermarket,-1429.2
2025-08-08,Hostel Fees,-8687.46
2025-08-09,Steam Games,-2514.47
2025-08-09,Dominos Pizza,-502.46
2025-08-09,BigBasket Groceries,-830.23
2025-08-09,Bus Pass Recharge,-236.94
2025-08-10,Meesho Order,-1154.41
2025-08-10,Swiggy Campus Delivery,-65.57
2025-08-11,Stationery Purchase,-92.57
2025-08-11,Internship Stipend,14982.91
2025-08-13,Hostel Fees,-8560.53
2025-08-13,Zomato Food Delivery,-205.95
2025-08-13,Cashback Credit,158.6
2025-08-14,Meesho Order,-1920.17
2025-08-14,Stationery Purchase,-272.22
2025-08-14,Scholarship Credit,9097.39
2025-08-16,Ajio Clothing,-1113.8
2025-08-17,College Canteen,-100.97
2025-08-17,Dominos Pizza,-430.27
2025-08-17,Rapido Bike Taxi,-178.93
2025-08-18,Dominos Pizza,-536.45
2025-08-18,BigBasket Groceries,-2800.01
2025-08-18,Pocket Money Transfer,11120.08
2025-08-18,Dominos Pizza,-400.01
2025-08-18,Rapido Bike Taxi,-54.46
2025-08-20,Pocket Money Transfer,14392.03
2025-08-20,Pocket Money Transfer,12471.39
2025-08-21,College Canteen,-149.66
2025-08-22,Exam Fee Payment,-1175.54
2025-08-22,Ola Cab,-264.29
2025-08-22,DMart Purchase,-327.19
2025-08-23,Dominos Pizza,-631.2
2025-08-23,Ajio Clothing,-3038.0
2025-08-23,Scholarship Credit,17057.88
2025-08-24,Rapido Bike Taxi,-76.81
2025-08-24,Swiggy Campus Delivery,-164.68
2025-08-24,Exam Fee Payment,-730.62
2025-08-25,Movie Night,-598.35
2025-08-25,Uber Ride,-475.09
2025-08-25,Local Auto Rickshaw,-60.25
2025-08-25,Refund Credit,1996.53
2025-08-26,Ajio Clothing,-2159.46
2025-08-26,Swiggy Order,-565.2
2025-08-27,Coursera Subscription,-399.0
2025-08-27,BigBasket Groceries,-2592.67
2025-08-29,Flipkart Order,-4559.62
2025-08-30,Myntra Fashion,-611.2
2025-08-30,Dominos Pizza,-502.15
2025-08-31,College Canteen,-137.65
2025-08-31,Exam Fee Payment,-1692.3
2025-09-01,DMart Purchase,-2968.23
2025-09-01,PUBG UC Purchase,-679.31
2025-09-01,Refund Credit,801.57
2025-09-01,Local Auto Rickshaw,-124.16
2025-09-02,Cashback Credit,119.34
2025-09-02,PUBG UC Purchase,-570.97
2025-09-02,Exam Fee Payment,-1238.62
2025-09-03,PlayStation Store,-3987.51
2025-09-03,Udemy Course,-937.73
2025-09-03,Pocket Money Transfer,6803.75
2025-09-03,BigBasket Groceries,-819.54
2025-09-03,Reliance Fresh,-1951.08
2025-09-03,Zomato Food Delivery,-696.5
2025-09-03,Zomato Late Night,-90.09
2025-09-04,Ola Cab,-422.05
2025-09-04,Coursera Subscription,-399.0
2025-09-05,Ola Cab,-361.08
2025-09-05,PUBG UC Purchase,-798.0
2025-09-06,Ola Cab,-188.31
2025-09-06,Internship Stipend,20042.08
2025-09-06,Ola Cab,-177.54
2025-09-07,PlayStation Store,-2185.29
2025-09-07,Zomato Food Delivery,-584.17
2025-09-08,Part Time Job Payment,3971.0
2025-09-08,Amazon Purchase,-6636.2
2025-09-08,Coursera Subscription,-399.0
2025-09-08,Hostel Fees,-7501.79
2025-09-09,College Canteen,-100.03
2025-09-09,Coursera Subscription,-399.0
2025-09-09,Steam Games,-313.95
2025-09-09,Pocket Money Transfer,7222.32
2025-09-09,College Canteen,-120.56
2025-09-09,Swiggy Order,-697.96
2025-09-09,Swiggy Order,-380.0
2025-09-09,Part Time Job Payment,6108.32
2025-09-10,Steam Games,-2070.02
2025-09-10,Rapido Bike Taxi,-61.03
2025-09-11,Movie Night,-527.16
2025-09-11,Movie Night,-454.4
2025-09-13,Coursera Subscription,-399.0
2025-09-15,PUBG UC Purchase,-558.2
2025-09-16,Flipkart Order,-4250.45
2025-09-16,Udemy Course,-707.21
2025-09-18,Scholarship Credit,16933.95
2025-09-18,Cashback Credit,187.49
2025-09-19,Uber Ride,-200.52
2025-09-19,Swiggy Order,-572.56
2025-09-19,College Canteen,-39.49
2025-09-19,Exam Fee Payment,-1274.83
2025-09-20,Swiggy Campus Delivery,-100.33
2025-09-20,Coursera Subscription,-399.0
2025-09-20,Udemy Course,-950.41
2025-09-20,Udemy Course,-690.28
2025-09-20,Meesho Order,-1609.31
2025-09-20,Ola Cab,-498.86
2025-09-21,Local Auto Rickshaw,-98.29
2025-09-21,Swiggy Campus Delivery,-117.52
2025-09-21,Udemy Course,-479.95
2025-09-22,Ajio Clothing,-637.69
2025-09-22,Refund Credit,371.9
2025-09-22,Stationery Purchase,-422.44
2025-09-24,Stationery Purchase,-471.6
2025-09-24,Exam Fee Payment,-1719.17
2025-09-24,Ola Cab,-441.9
2025-09-26,Cashback Credit,470.19
2025-09-28,Scholarship Credit,17621.93
2025-09-29,Reliance Fresh,-1807.77
2025-09-29,Exam Fee Payment,-2791.38
2025-09-29,Scholarship Credit,17716.67
2025-09-29,Refund Credit,1856.48
2025-10-01,More Supermarket,-1616.06
2025-10-02,PUBG UC Purchase,-184.84
2025-10-02,Hostel Fees,-14320.69
2025-10-03,Uber Ride,-462.4
2025-10-03,Amazon Purchase,-831.59
2025-10-04,Part Time Job Payment,7229.82
2025-10-04,Zomato Late Night,-176.26
2025-10-05,Local Auto Rickshaw,-171.78
2025-10-05,Swiggy Campus Delivery,-92.33
2025-10-05,Zomato Late Night,-118.95
2025-10-05,Udemy Course,-702.13
2025-10-05,DMart Purchase,-531.93
2025-10-07,More Supermarket,-420.24
2025-10-08,Bus Pass Recharge,-482.94
2025-10-08,Coursera Subscription,-399.0
2025-10-08,Udemy Course,-995.89
2025-10-08,Exam Fee Payment,-2059.14
2025-10-09,Udemy Course,-595.19
2025-10-09,Swiggy Campus Delivery,-61.15
2025-10-09,Meesho Order,-560.1
2025-10-09,PlayStation Store,-1434.91
2025-10-09,BigBasket Groceries,-1303.42
2025-10-09,Cashback Credit,344.53
2025-10-12,More Supermarket,-1462.61
2025-10-12,More Supermarket,-681.14
2025-10-12,College Canteen,-38.37
2025-10-12,Coursera Subscription,-399.0
2025-10-12,Uber Ride,-419.13
2025-10-13,PlayStation Store,-1912.12
2025-10-14,Scholarship Credit,8361.36
2025-10-17,Swiggy Campus Delivery,-128.32
2025-10-17,Local Auto Rickshaw,-142.38
2025-10-17,Reliance Fresh,-690.78
2025-10-17,Movie Night,-500.47
2025-10-17,Dominos Pizza,-597.09
2025-10-18,BigBasket Groceries,-3466.78
2025-10-18,Internship Stipend,18524.86
2025-10-18,Meesho Order,-771.66
2025-10-19,Ola Cab,-290.09
2025-10-19,Part Time Job Payment,6626.41
2025-10-19,Bus Pass Recharge,-251.76
2025-10-20,Pocket Money Transfer,13566.15
2025-10-20,Stationery Purchase,-318.08
2025-10-20,Exam Fee Payment,-1287.56
2025-10-21,PUBG UC Purchase,-383.95
2025-10-23,Steam Games,-2512.12
2025-10-23,Netflix Subscription,-218.19
2025-10-23,Exam Fee Payment,-598.14
2025-10-24,Cashback Credit,475.22
2025-10-24,Movie Night,-205.46
2025-10-24,Dominos Pizza,-579.31
2025-10-24,Movie Night,-428.76
2025-10-25,Myntra Fashion,-3589.24
2025-10-25,Dominos Pizza,-242.37
2025-10-27,Meesho Order,-1879.15
2025-10-27,Part Time Job Payment,4442.43
2025-10-27,More Supermarket,-823.35
2025-10-27,Ola Cab,-376.53
2025-10-27,Cashback Credit,390.79
2025-10-28,Zomato Food Delivery,-829.92
2025-10-28,Rapido Bike Taxi,-110.42
2025-10-28,Exam Fee Payment,-2098.89
2025-10-29,PUBG UC Purchase,-172.74
2025-10-30,Scholarship Credit,15290.89
2025-10-30,BigBasket Groceries,-2602.79
2025-10-31,Movie Night,-294.11
2025-11-01,Hostel Fees,-12671.16
2025-11-03,Amazon Purchase,-2922.5
2025-11-04,College Canteen,-54.17
2025-11-05,Reliance Fresh,-674.73
2025-11-05,Exam Fee Payment,-2389.27
2025-11-06,PUBG UC Purchase,-383.27
2025-11-06,Hostel Fees,-9927.88
2025-11-07,Amazon Purchase,-2627.57
2025-11-08,Myntra Fashion,-831.84
2025-11-09,Local Auto Rickshaw,-160.44
2025-11-09,Pocket Money Transfer,12508.35
2025-11-10,Part Time Job Payment,6427.1
2025-11-10,Movie Night,-354.82
2025-11-11,Ajio Clothing,-3078.47
2025-11-11,College Canteen,-79.53
2025-11-11,Stationery Purchase,-167.54
2025-11-13,Movie Night,-254.3
2025-11-14,Steam Games,-855.94
2025-11-14,BigBasket Groceries,-2977.72
2025-11-14,Udemy Course,-618.74
2025-11-15,Reliance Fresh,-1692.47
2025-11-16,Internship Stipend,11461.51
2025-11-16,Swiggy Order,-273.76
2025-11-16,Part Time Job Payment,8342.08
2025-11-17,Swiggy Order,-375.52
2025-11-17,Exam Fee Payment,-1482.39
2025-11-17,DMart Purchase,-466.16
2025-11-18,Dominos Pizza,-599.05
2025-11-18,Scholarship Credit,16351.11
2025-11-19,Cashback Credit,390.37
2025-11-19,Zomato Food Delivery,-607.31
2025-11-21,Myntra Fashion,-1610.53
2025-11-21,Meesho Order,-340.21
2025-11-21,Amazon Purchase,-2661.93
2025-11-22,Swiggy Campus Delivery,-277.88
2025-11-22,Steam Games,-2158.4
2025-11-23,Cashback Credit,484.97
2025-11-23,Zomato Food Delivery,-281.62
2025-11-25,Internship Stipend,22248.79
2025-11-25,Zomato Late Night,-123.97
2025-11-25,Local Auto Rickshaw,-110.01
2025-11-26,Stationery Purchase,-497.7
2025-11-26,Stationery Purchase,-446.34
2025-11-27,Swiggy Order,-378.23
2025-11-27,Local Auto Rickshaw,-140.04
2025-11-27,Scholarship Credit,8685.73
2025-11-27,Part Time Job Payment,9044.01
2025-11-28,Cashback Credit,466.91
2025-11-28,Pocket Money Transfer,13645.4
2025-11-28,Dominos Pizza,-278.8
2025-11-29,Hostel Fees,-14927.34
2025-11-29,Coursera Subscription,-399.0
2025-11-30,Steam Games,-2870.49
2025-12-01,Swiggy Campus Delivery,-148.12
2025-12-01,Part Time Job Payment,5582.85
2025-12-02,Swiggy Order,-369.64
2025-12-02,Swiggy Campus Delivery,-141.52
2025-12-03,Reliance Fresh,-1091.41
2025-12-03,Flipkart Order,-4136.56
2025-12-04,Ajio Clothing,-2555.27
2025-12-04,Exam Fee Payment,-837.51
2025-12-04,Netflix Subscription,-437.3
2025-12-04,Cashback Credit,405.49
2025-12-05,Steam Games,-1333.29
2025-12-05,Part Time Job Payment,6794.52
2025-12-05,More Supermarket,-1134.16
2025-12-05,Rapido Bike Taxi,-97.69
2025-12-05,Uber Ride,-252.5
2025-12-05,Pocket Money Transfer,11776.87
2025-12-06,Rapido Bike Taxi,-53.95
2025-12-06,Netflix Subscription,-643.13
2025-12-06,Reliance Fresh,-1157.2
2025-12-06,Refund Credit,1297.66
2025-12-07,PlayStation Store,-3166.92
2025-12-07,Zomato Late Night,-296.99
2025-12-08,College Canteen,-35.29
2025-12-10,Hostel Fees,-7351.39
2025-12-10,Exam Fee Payment,-540.21
2025-12-12,Uber Ride,-363.41
2025-12-12,PUBG UC Purchase,-453.54
2025-12-12,Udemy Course,-522.12
2025-12-12,Scholarship Credit,8966.43
2025-12-12,Stationery Purchase,-459.02
2025-12-13,Zomato Late Night,-272.19
2025-12-14,PlayStation Store,-2822.48
2025-12-15,Amazon Purchase,-1328.99
2025-12-15,Ajio Clothing,-1491.06
2025-12-15,PlayStation Store,-3560.42
2025-12-16,Pocket Money Transfer,13748.8
2025-12-16,Internship Stipend,21427.66
2025-12-16,College Canteen,-54.18
2025-12-17,PUBG UC Purchase,-395.47
2025-12-17,Hostel Fees,-8042.1
2025-12-17,Uber Ride,-424.25
2025-12-18,Rapido Bike Taxi,-54.9
2025-12-18,Swiggy Campus Delivery,-128.84
2025-12-19,Zomato Late Night,-136.55
2025-12-20,Internship Stipend,5405.16
2025-12-21,Dominos Pizza,-686.78
2025-12-21,Zomato Late Night,-84.62
2025-12-21,Steam Games,-1323.15
2025-12-21,Ola Cab,-111.59
2025-12-21,Coursera Subscription,-399.0
2025-12-21,Coursera Subscription,-399.0
2025-12-22,Swiggy Order,-385.19
2025-12-22,Netflix Subscription,-171.43
2025-12-22,Myntra Fashion,-2510.25
2025-12-24,Rapido Bike Taxi,-73.84
2025-12-24,Steam Games,-1439.35
2025-12-24,Uber Ride,-389.96
2025-12-25,Flipkart Order,-2919.57
2025-12-25,Myntra Fashion,-3996.78
2025-12-26,Local Auto Rickshaw,-147.49
2025-12-26,Bus Pass Recharge,-421.1
2025-12-26,Rapido Bike Taxi,-79.62
2025-12-27,Cashback Credit,220.67
2025-12-27,Cashback Credit,385.44
2025-12-28,Dominos Pizza,-672.9
2025-12-28,PlayStation Store,-1458.55
2025-12-30,Hostel Fees,-9996.71
2025-12-30,Stationery Purchase,-215.6
2025-12-31,Uber Ride,-342.64
